age,experience,education,department,city,previous_salary,salary
21,0,Bachelors,IT,Hyderabad,18000,22000
22,1,Bachelors,IT,Bangalore,20000,26000
24,2,Bachelors,IT,Chennai,24000,30000
25,3,Bachelors,IT,Bangalore,28000,35000
27,4,Masters,IT,Hyderabad,35000,45000
29,5,Masters,IT,Bangalore,40000,52000
31,6,Masters,IT,Chennai,45000,58000
23,1,Bachelors,HR,Hyderabad,18000,24000
26,3,Bachelors,HR,Bangalore,25000,32000
28,4,Masters,HR,Chennai,32000,40000
30,6,Masters,HR,Hyderabad,38000,48000
32,7,Masters,HR,Bangalore,45000,56000
22,1,Bachelors,Sales,Chennai,19000,25000
25,2,Bachelors,Sales,Hyderabad,22000,29000
28,4,Bachelors,Sales,Bangalore,30000,38000
30,5,Masters,Sales,Chennai,35000,45000
33,8,Masters,Sales,Hyderabad,45000,57000
35,10,Masters,Sales,Bangalore,50000,65000
24,2,Bachelors,Finance,Chennai,23000,30000
27,4,Bachelors,Finance,Hyderabad,30000,39000
30,6,Masters,Finance,Bangalore,40000,51000
34,9,Masters,Finance,Chennai,48000,62000
36,11,Masters,Finance,Hyderabad,55000,70000age,experience,education,department,city,previous_salary,salary
21,0,Bachelors,IT,Hyderabad,18000,22000
22,1,Bachelors,IT,Bangalore,20000,26000
24,2,Bachelors,IT,Chennai,24000,30000
25,3,Bachelors,IT,Bangalore,28000,35000
27,4,Masters,IT,Hyderabad,35000,45000
29,5,Masters,IT,Bangalore,40000,52000
31,6,Masters,IT,Chennai,45000,58000
23,1,Bachelors,HR,Hyderabad,18000,24000
26,3,Bachelors,HR,Bangalore,25000,32000
28,4,Masters,HR,Chennai,32000,40000
30,6,Masters,HR,Hyderabad,38000,48000
32,7,Masters,HR,Bangalore,45000,56000
22,1,Bachelors,Sales,Chennai,19000,25000
25,2,Bachelors,Sales,Hyderabad,22000,29000
28,4,Bachelors,Sales,Bangalore,30000,38000
30,5,Masters,Sales,Chennai,35000,45000
33,8,Masters,Sales,Hyderabad,45000,57000
35,10,Masters,Sales,Bangalore,50000,65000
24,2,Bachelors,Finance,Chennai,23000,30000
27,4,Bachelors,Finance,Hyderabad,30000,39000
30,6,Masters,Finance,Bangalore,40000,51000
34,9,Masters,Finance,Chennai,48000,62000
36,11,Masters,Finance,Hyderabad,55000,70000